-- MariaDB dump 10.19  Distrib 10.11.4-MariaDB, for debian-linux-gnu (x86_64)
--
-- Host: localhost    Database: mysitedb
-- ------------------------------------------------------
-- Server version	10.11.4-MariaDB-1~deb12u1

/*!40101 SET @OLD_CHARACTER_SET_CLIENT=@@CHARACTER_SET_CLIENT */;
/*!40101 SET @OLD_CHARACTER_SET_RESULTS=@@CHARACTER_SET_RESULTS */;
/*!40101 SET @OLD_COLLATION_CONNECTION=@@COLLATION_CONNECTION */;
/*!40101 SET NAMES utf8mb4 */;
/*!40103 SET @OLD_TIME_ZONE=@@TIME_ZONE */;
/*!40103 SET TIME_ZONE='+00:00' */;
/*!40014 SET @OLD_UNIQUE_CHECKS=@@UNIQUE_CHECKS, UNIQUE_CHECKS=0 */;
/*!40014 SET @OLD_FOREIGN_KEY_CHECKS=@@FOREIGN_KEY_CHECKS, FOREIGN_KEY_CHECKS=0 */;
/*!40101 SET @OLD_SQL_MODE=@@SQL_MODE, SQL_MODE='NO_AUTO_VALUE_ON_ZERO' */;
/*!40111 SET @OLD_SQL_NOTES=@@SQL_NOTES, SQL_NOTES=0 */;

--
-- Table structure for table `tComentarios`
--

DROP TABLE IF EXISTS `tComentarios`;
/*!40101 SET @saved_cs_client     = @@character_set_client */;
/*!40101 SET character_set_client = utf8 */;
CREATE TABLE `tComentarios` (
  `id` int(11) NOT NULL AUTO_INCREMENT,
  `comentario` varchar(2000) DEFAULT NULL,
  `usuario_id` int(11) DEFAULT NULL,
  `juego_id` int(11) NOT NULL,
  PRIMARY KEY (`id`),
  KEY `fk_UC` (`usuario_id`),
  KEY `fk_JC` (`juego_id`),
  CONSTRAINT `fk_JC` FOREIGN KEY (`juego_id`) REFERENCES `tJuegos` (`id`),
  CONSTRAINT `fk_UC` FOREIGN KEY (`usuario_id`) REFERENCES `tUsuarios` (`id`)
) ENGINE=InnoDB AUTO_INCREMENT=6 DEFAULT CHARSET=utf8mb4 COLLATE=utf8mb4_general_ci;
/*!40101 SET character_set_client = @saved_cs_client */;

--
-- Dumping data for table `tComentarios`
--

LOCK TABLES `tComentarios` WRITE;
/*!40000 ALTER TABLE `tComentarios` DISABLE KEYS */;
INSERT INTO `tComentarios` VALUES
(1,'Muy buen juego',1,2),
(2,'El mejor juego que he probado',2,5),
(3,'10/10, GOTY',3,1),
(4,'No entiendo como le puede gustar a alguien -1/10',3,3),
(5,'Esta bien a partir de la tercera misi칩n',4,5);
/*!40000 ALTER TABLE `tComentarios` ENABLE KEYS */;
UNLOCK TABLES;

--
-- Table structure for table `tJuegos`
--

DROP TABLE IF EXISTS `tJuegos`;
/*!40101 SET @saved_cs_client     = @@character_set_client */;
/*!40101 SET character_set_client = utf8 */;
CREATE TABLE `tJuegos` (
  `id` int(11) NOT NULL AUTO_INCREMENT,
  `nombre` varchar(50) DEFAULT NULL,
  `url_imagen` varchar(200) DEFAULT NULL,
  `genero` varchar(50) DEFAULT NULL,
  `precio` float(4,2) DEFAULT NULL,
  PRIMARY KEY (`id`)
) ENGINE=InnoDB AUTO_INCREMENT=6 DEFAULT CHARSET=utf8mb4 COLLATE=utf8mb4_general_ci;
/*!40101 SET character_set_client = @saved_cs_client */;

--
-- Dumping data for table `tJuegos`
--

LOCK TABLES `tJuegos` WRITE;
/*!40000 ALTER TABLE `tJuegos` DISABLE KEYS */;
INSERT INTO `tJuegos` VALUES
(1,'Cult of the Lamb','https://swapcloudgames.com/cdn/shop/products/8b02d9e943fb8ac8b087a8b35d698621.png?v=1659717491','Rogue-lite',22.99),
(2,'Stardew Valley','https://cdn.akamai.steamstatic.com/steam/apps/413150/capsule_616x353.jpg?t=1666917466','Farming',13.99),
(3,'Project Zomboid','https://cdn.cloudflare.steamstatic.com/steam/apps/108600/header.jpg?t=1691508011','Survival',19.99),
(4,'Gunfire Reborn','https://hb.imgix.net/31c713cdf768a1267714a628a387398312e516f7.jpg?auto=compress,format&fit=crop&h=353&w=616&s=974264c0e87bc9f43429f64dd015964d','Rogue-lite',16.79),
(5,'OpenTTD','https://cdn.cloudflare.steamstatic.com/steam/apps/1536610/header.jpg?t=1680431586','Simulator',0.00);
/*!40000 ALTER TABLE `tJuegos` ENABLE KEYS */;
UNLOCK TABLES;

--
-- Table structure for table `tUsuarios`
--

DROP TABLE IF EXISTS `tUsuarios`;
/*!40101 SET @saved_cs_client     = @@character_set_client */;
/*!40101 SET character_set_client = utf8 */;
CREATE TABLE `tUsuarios` (
  `id` int(11) NOT NULL AUTO_INCREMENT,
  `nombre` varchar(50) DEFAULT NULL,
  `apellidos` varchar(100) DEFAULT NULL,
  `email` varchar(200) DEFAULT NULL,
  `contrase침a` varchar(200) DEFAULT NULL,
  PRIMARY KEY (`id`)
) ENGINE=InnoDB AUTO_INCREMENT=6 DEFAULT CHARSET=utf8mb4 COLLATE=utf8mb4_general_ci;
/*!40101 SET character_set_client = @saved_cs_client */;

--
-- Dumping data for table `tUsuarios`
--

LOCK TABLES `tUsuarios` WRITE;
/*!40000 ALTER TABLE `tUsuarios` DISABLE KEYS */;
INSERT INTO `tUsuarios` VALUES
(1,'Juan','Perez_Perez','JuanPP@gmail.com','1234'),
(2,'Pedro','Sanchez L칩pez','PedroSL@gmail.com','PSL015'),
(3,'Miguel','Sanchez L칩pez','MiguelSL@gmail.com','MSL98'),
(4,'Pol','Herrero Martinez','PolHerrero@gmail.com','Pol.1989'),
(5,'Brais','Prado Martinez','BPradoM@gmail.com','Brais.082000');
/*!40000 ALTER TABLE `tUsuarios` ENABLE KEYS */;
UNLOCK TABLES;
/*!40103 SET TIME_ZONE=@OLD_TIME_ZONE */;

/*!40101 SET SQL_MODE=@OLD_SQL_MODE */;
/*!40014 SET FOREIGN_KEY_CHECKS=@OLD_FOREIGN_KEY_CHECKS */;
/*!40014 SET UNIQUE_CHECKS=@OLD_UNIQUE_CHECKS */;
/*!40101 SET CHARACTER_SET_CLIENT=@OLD_CHARACTER_SET_CLIENT */;
/*!40101 SET CHARACTER_SET_RESULTS=@OLD_CHARACTER_SET_RESULTS */;
/*!40101 SET COLLATION_CONNECTION=@OLD_COLLATION_CONNECTION */;
/*!40111 SET SQL_NOTES=@OLD_SQL_NOTES */;

-- Dump completed on 2023-10-16 16:08:20
